,0,1,2
0,"('instruction', 'Quand a été fondée Karmine Corp ?')","('input', '')","('response', '30 mars 2020 (Kameto Corp)  16 novembre 2020 (Karmine Corp)')"
1,"('instruction', 'Quels sont les sigles utilisés pour désigner Karmine Corp ?')","('input', '')","('response', 'KCorp, KC')"
2,"('instruction', ""Quels sont les domaines d'activité de Karmine Corp ?"")","('input', '')","('response', 'League of Legends, Teamfight Tactics, Rocket League, Valorant, Fortnite, Tekken 8, Street Fighter 6, autres activités récréatives et de loisirs')"
3,"('instruction', 'Où est situé le siège de Karmine Corp ?')","('input', '')","('response', 'Tours (de jure)  Paris (de facto)')"
4,"('instruction', 'Qui sont les fondateurs de Karmine Corp ?')","('input', '')","('response', 'Kameto, Kotei (d), Prime')"
5,"('instruction', 'Qui est le président actuel de Karmine Corp ?')","('input', 'Karmine Corp')","('response', 'Kameto (depuis 2021)')"
6,"('instruction', 'Quels sont les sponsors de Karmine Corp ?')","('input', '')","('response', 'Fitness Park, Logitech, Michelin, Orange, Samsung Electronics, NZXT (en), Red Bull, Ekwateur, Crédit industriel et commercial, Celio')"
7,"('instruction', ""Quel est l'identifiant SIREN de Karmine Corp ?"")","('input', '')","('response', '8905751')"
8,"('instruction', 'Quel est le site web de Karmine Corp ?')","('input', '')","('response', 'www.karminecorp.fr')"
9,"('instruction', 'Quelle section de jeu a été créée par la structure ?')","('input', '')","('response', 'League of Legends')"
10,"('instruction', 'Quels titres la structure a-t-elle remportés en 2021 ?')","('input', '')","('response', ""Championne des segments de printemps et d'été 2021, premier titre à trois reprises et réalisation d'un triplé"")"
11,"('instruction', 'Quel événement annuel est organisé par la structure ?')","('input', '')","('response', 'Karmine Corp Experience (KCX)')"
12,"('instruction', ""Quand Kamel « Kameto » Kebir a-t-il annoncé la création de sa structure d'e-sport ?"")","('input', 'Nom de la structure (Kameto Corp)')","('response', 'Le 30 mars 2020')"
13,"('instruction', ""Quels sont les jeux sur lesquels la Kameto Corp s'est fait connaître ?"")","('input', 'Noms des jeux (Teamfight Tactics (TFT), TrackMania)')","('response', 'Teamfight Tactics et TrackMania')"
14,"('instruction', ""Avec qui Kamel « Kameto » Kebir a-t-il créé sa structure d'e-sport?"")","('input', 'Nom du co-fondateur (Zouhair « Kotei » Darji)')","('response', 'Zouhair « Kotei » Darji')"
15,"('instruction', 'Quels ont été les joueurs de la Kameto Corp qui ont remporté les mondiaux sur Teamfight Tactics (TFT)?')","('input', 'Nom du joueur (Emre « Double61 » Demirtas)')","('response', 'Emre « Double61 » Demirtas')"
16,"('instruction', 'Quels joueur de la Kameto Corp ont remporté un titre de champions du monde sur TrackMania?')","('input', 'Noms des joueurs (Brendan « Bren » Seve, Youen « Otaaaq » Egler)')","('response', 'Brendan « Bren » Seve et Youen « Otaaaq » Egler')"
17,"('instruction', 'Qui a rejoint le duo en novembre 2020 comme cofondateur?')","('input', 'novembre 2020')","('response', 'Amine « Prime » Mekri')"
18,"('instruction', ""Quel est le nom de la structure renommée après l'arrivée d'Amine « Prime » Mekri en tant que cofondateur?"")","('input', 'Karmine Corp')","('response', 'Karmine Corp')"
19,"('instruction', ""Quelle ligue la Karmine Corp a-t-elle rejoint pour la saison suivante après l'arrivée d'Amine « Prime » Mekri?"")","('input', 'Ligue française de League of Legends (LFL)')","('response', 'Ligue française de League of Legends (LFL)')"
20,"('instruction', 'Quelle compétition européenne la Karmine Corp a-t-elle remportée en 2021 après être passée de la deuxième division à la première division?')","('input', 'EMEA Masters')","('response', 'EMEA Masters')"
21,"('instruction', ""Combien de fois la Karmine Corp a-t-elle remporté le championnat européen au segment d'été?"")","('input', 'Deux fois')","('response', 'Deux fois')"
22,"('instruction', 'Quel record la Karmine Corp a-t-elle battu au segment de printemps 2022?')","('input', 'Trois fois en triplé')","('response', 'Trois fois en triplé')"
23,"('instruction', 'Quelle équipe a remporté la ligue française et les EMEA Masters en 2023 ?')","('input', None)","('response', ""l'équipe a remporté la ligue française et les EMEA Masters en 2023."")"
24,"('instruction', 'Quel accord la section League of Legends a-t-elle signé en 2023 ?')","('input', None)","('response', ""La section League of Legends a signé un accord afin d'acquérir la place de l'équipe danoise Astralis."")"
25,"('instruction', 'Quelle ligue la section League of Legends a-t-elle rejoint en 2023 ?')","('input', None)","('response', 'La section League of Legends a rejoint les League of Legends EMEA Championship (LEC).')"
26,"('instruction', ""Où la structure a-t-elle établi des locaux en fin d'année 2023 ?"")","('input', None)","('response', 'La structure a établi des locaux à Berlin.')"
27,"('instruction', ""Quel est le nom de l'événement organisé par la structure en 2021?"")","('input', '2021')","('response', 'Le premier Karmine Corp Experience (KCX)')"
28,"('instruction', ""Où s'est déroulée la deuxième édition du KCX en 2022?"")","('input', '2022')","('response', 'Au Palais omnisports de Paris-Bercy')"
29,"('instruction', 'Combien de spectateurs ont assisté au KCX3 en 2023?')","('input', '2023')","('response', 'Plus de 28 000 spectateurs')"
30,"('instruction', 'Où le club devient-il résident en 2024?')","('input', '2024')","('response', ""Aux Arènes de l'Agora"")"
31,"('instruction', 'Qui est le jungler de la Karmine ?')","('input', None)","('response', 'Jakub « Cinkrof » Rokicki')"
32,"('instruction', ""Quel joueur a rejoint l'équipe en tant que mid laner ?"")","('input', None)","('response', 'Lucas « Saken » Fayard')"
33,"('instruction', ""Quel est le rôle de Matthew « xMatty » Coombs dans l'équipe ?"")","('input', None)","('response', 'AD Carry')"
34,"('instruction', 'Qui est le support de la Karmine ?')","('input', None)","('response', 'Raphaël «Targamas » Crabbé')"
35,"('instruction', ""Qui est le coach de l'équipe ?"")","('input', None)","('response', 'Yanis « Striker » Kella')"
36,"('instruction', ""Comment s'appelle l'équipe de League of Legends mentionnée dans le texte?"")","('input', None)","('response', 'Karmine Corp')"
37,"('instruction', ""Combien de victoires l'équipe de la Karmine a-t-elle remporté lors de la première moitié de segment impériale?"")","('input', None)","('response', '9 victoires')"
38,"('instruction', 'Contre quelle équipe la Karmine Corp a-t-elle perdu en finale du segment impérial?')","('input', None)","('response', 'Misfits Premier')"
39,"('instruction', 'Quelle était la marque de la victoire de Misfits Premier contre la Karmine Corp en finale?')","('input', None)","('response', '3-1')"
40,"('instruction', ""Quel événement international l'équipe de la Karmine a-t-elle accès en tant que vainqueurs de la saison régulière?"")","('input', 'European Masters')","('response', 'Phase de groupes des European Masters')"
41,"('instruction', ""Quel est le titre détenu par l'équipe de la Karmine dans le tournoi European Masters?"")","('input', None)","('response', 'tenants du titre')"
42,"('instruction', ""Quel est le nom de l'équipe qui a renversé Vitality.Bee dans la Coupe de France ?"")","('input', 'Vitality.Bee')","('response', 'Karmine Corp')"
43,"('instruction', 'Quel était le score final du match entre la Karmine Corp et Vitality.Bee ?')","('input', None)","('response', '3-2')"
44,"('instruction', 'Quelle équipe était menée 2-0 dans le match ?')","('input', None)","('response', 'Karmine Corp')"
45,"('instruction', 'Contre quelle équipe la Karmine Corp va-t-elle jouer en finale à Monaco ?')","('input', 'Monaco')","('response', 'Misfits Premier')"
46,"('instruction', ""Quelle était l'issue des trois manches suivantes remportées par la Karmine Corp ?"")","('input', None)","('response', 'Se qualifier in extremis pour la finale à Monaco')"
47,"('instruction', 'Que fait la Karmine Corp juste avant le début de la compétition européenne ?')","('input', None)","('response', 'Ils se rassurent')"
48,"('instruction', 'Quel était le résultat du dernier match de la Karmine Corp en finale de la Coupe de France?')","('input', ""Nom de l'équipe Karmine Corp et Misfits Premier, date de la finale de la Coupe de France"")","('response', 'La Karmine Corp a perdu contre Misfits Premier lors de la finale de la Coupe de France avec un score de 3-2.')"
49,"('instruction', 'Quel était le bilan de la Karmine Corp lors de la saison 2021 en LFL?')","('input', ""Nom de l'équipe Karmine Corp, dates et résultats des matchs en LFL"")","('response', 'Le bilan de la Karmine Corp lors de la saison 2021 en LFL était de 14 victoires et 5 défaites.')"
50,"('instruction', ""Quel était le bilan de la Karmine Corp lors de la participation à l'European Masters en 2021?"")","('input', ""Nom de l'équipe Karmine Corp, dates et résultats des matchs à l'European Masters"")","('response', ""Le bilan de la Karmine Corp lors de sa participation à l'European Masters en 2021 était de 14 victoires et 5 défaites."")"
51,"('instruction', 'Quel était le résultat de la Karmine Corp lors de la Finale de la Coupe de France en octobre 2021?')","('input', ""Nom de l'équipe Karmine Corp, date et résultats des matchs en Finale de la Coupe de France"")","('response', 'La Karmine Corp a perdu contre Misfits Premier lors de la finale de la Coupe de France en octobre 2021 avec un score de 5-5.')"
52,"('instruction', ""Qui a annoncé le départ de Cinkrof, Targamas et xMatty de l'équipe lors d'une conférence de presse le 15 novembre 2021?"")","('input', 'date de la conférence de presse (15 novembre 2021)')","('response', 'Kameto et Prime')"
53,"('instruction', 'Quel joueur suédois a rejoint la Karmine Corp en provenance de chez G2 Esports?')","('input', ""équipe d'origine du joueur (G2 Esports)"")","('response', 'Martin « Rekkles » Larsson')"
54,"('instruction', 'Combien aurait coûté le transfert de Martin « Rekkles » Larsson à la Karmine Corp?')","('input', 'nom du joueur transféré (Martin « Rekkles » Larsson)')","('response', ""près d'un million d'euros"")"
55,"('instruction', ""Qui a prolongé son contrat d'un an avec l'équipe?"")","('input', 'aucun')","('response', 'Cabochard')"
56,"('instruction', ""Quels joueurs ont rejoint l'équipe librement?"")","('input', 'aucun')","('response', 'Jules « Hantera » Bourgeois, Doğukan « 113 » Balcı (Bumm) et Wao « Wao » Dai')"
57,"('instruction', ""Quelle équipe a commencé mal le championnat mais s'est ensuite redressée en 4e semaine?"")","('input', None)","('response', 'La Karmine Corp')"
58,"('instruction', 'Combien de matchs la Karmine Corp a-t-elle perdus lors de ses six premiers matchs?')","('input', None)","('response', 'Quatre')"
59,"('instruction', ""Où s'est déroulée la 4e semaine du championnat?"")","('input', None)","('response', ""À l'Acropolis de Nice"")"
60,"('instruction', 'Contre quelle équipe la Karmine Corp a-t-elle remporté deux victoires écrasantes en 4e semaine?')","('input', 'GameWard')","('response', 'Oui')"
61,"('instruction', 'Qui a réalisé un Pentakill lors du match contre GameWard?')","('input', 'Rekkles')","('response', 'Rekkles')"
62,"('instruction', 'Quelle équipe a terminé deuxième de la saison régulière?')","('input', None)","('response', 'La Karmine Corp')"
63,"('instruction', 'À combien de victoires des LDLC OL la Karmine Corp a-t-elle terminé en saison régulière?')","('input', None)","('response', 'Une victoire')"
64,"('instruction', 'Quelle équipe a battu la Karmine Corp lors des play-offs de la LFL?')","('input', '')","('response', 'LDLC OL')"
65,"('instruction', ""Comment s'est terminée la saison de la Karmine Corp lors des play-offs de la LFL?"")","('input', '')","('response', 'Ils ont terminé 3e')"
66,"('instruction', 'Quelle équipe a battu la Karmine Corp dans la demi-finale des perdants des play-offs de la LFL?')","('input', '')","('response', 'Team BDS Academy')"
67,"('instruction', 'Quel tournoi la Karmine Corp est-elle qualifiée pour après les play-offs de la LFL?')","('input', '')","('response', 'Amazon European Masters')"
68,"('instruction', 'Quel défi supplémentaire la Karmine Corp devra-t-elle relever pour le tournoi Amazon European Masters?')","('input', '')","('response', 'Passer par un tour supplémentaire')"
69,"('instruction', 'Quelle équipe a remporté le tour préliminaire des Amazon European Masters?')","('input', 'Amazon European Masters')","('response', 'KC')"
70,"('instruction', 'Contre quelle équipe la KC a-t-elle eu un mauvais départ en groupe?')","('input', 'X7 Esports')","('response', 'X7 Esports')"
71,"('instruction', 'Contre qui la KC a-t-elle pris sa revanche en finissant premier de son groupe?')","('input', 'Les Anglais')","('response', 'les Anglais')"
72,"('instruction', 'Qui la KC a-t-elle battu en quarts-de-finale?')","('input', 'Unicorns of Love')","('response', ""l'équipe académique d'Unicorns of Love"")"
73,"('instruction', 'Quelle équipe la Karmine Corp a-t-elle affrontée en demi-finale des European Masters?')","('input', 'Vitality.Bee')","('response', 'Vitality.Bee')"
74,"('instruction', 'Contre qui la KC a-t-elle remporté la finale des European Masters?')","('input', 'LDLC OL')","('response', 'LDLC OL')"
75,"('instruction', 'Combien de fois la Karmine Corp a-t-elle remporté les European Masters?')","('input', '3èmes European Masters de suite')","('response', '3')"
76,"('instruction', ""Quelle est l'équipe de e-sport mentionnée dans le texte ?"")","('input', None)","('response', 'Karmine Corp')"
77,"('instruction', ""Combien de rencontres la Karmine Corp a-t-elle remportées sur six au début du segment d'été ?"")","('input', None)","('response', 'cinq')"
78,"('instruction', 'Contre quelle équipe la Karmine Corp joue-t-elle son match de saison régulière ?')","('input', None)","('response', 'Misfits Premier')"
79,"('instruction', 'Où se déroule le match de la Karmine Corp contre Misfits Premier ?')","('input', None)","('response', ""à l'Accor Arena"")"
80,"('instruction', 'Comment la série de victoires de la Karmine Corp se termine-t-elle ?')","('input', None)","('response', 'par une défaite')"
81,"('instruction', 'Où la Karmine Corp se qualifie-t-elle pour les play-offs ?')","('input', None)","('response', 'la dernière semaine')"
82,"('instruction', 'Dans quelle position la Karmine Corp termine-t-elle en saison régulière ?')","('input', None)","('response', '6e')"
83,"('instruction', 'Contre quelle équipe la Karmine Corp est-elle opposée dans les play-offs ?')","('input', None)","('response', 'GameWard')"
84,"('instruction', 'Quels sont les résultats des matchs de la Karmine Corp lors de la saison 2022?')","('input', 'Aucune information supplémentaire requise')","('response', 'Showmatch aller : \n                - Round 1 : 1-0 contre KOI\n                - Round 2 : 1-1 contre KOI\n                - Round 3 : 2-1 contre KOI\n              Showmatch retour :\n                - Round 1 : 1-0 contre KOI\n                - Round 2 : 1-1 contre KOI\n                - Round 3 : 2-1 contre KOI\n              Segment Printanier :\n                - Journées 1 à 18 : résultats contre différentes équipes\n              2e tour des playoffs : \n                - Round 1 à 3 : résultats contre LDLC OL\n              Demi-finale des playoffs :\n                - Round 1 à 4 : résultats contre Team BDS Academy\n              European Masters :\n                - Phase préliminaire, Barrages, Phase de groupe, Quarts-de-finale, Demi-finale et Finale : résultats contre différentes équipes')"
85,"('instruction', 'Quelle conséquence a eu la défaite de la KC lors des play-offs de LFL?')","('input', 'Aucune information supplémentaire requise')","('response', 'La défaite a éliminé la KC des play-offs de LFL et les a empêchés de se qualifier aux European Masters, mettant fin à une série historique.')"
86,"('instruction', 'Quelles étaient les dates des différentes étapes de la compétition pour la Karmine Corp en 2022?')","('input', 'Aucune information supplémentaire requise')","('response', 'Dates des showmatches, des journées de la LFL, des playoffs et des European Masters.')"
87,"('instruction', ""Qui rejoint l'équipe de la Karmine Corp pour la saison 2023 ?"")","('input', None)","('response', 'Duncan « Skeanz » Marquet, Hasan « Kaori » Sentürk, Alexandru « whiteinn » Kolozsvari, Lucas « Cabochard » Simon-Meslet, Lucas « Saken » Fayard, Stefan « Nerroh » Pereira')"
88,"('instruction', ""Qui rejoint l'équipe en tant qu'entraîneur ?"")","('input', None)","('response', 'Stefan « Nerroh » Pereira')"
89,"('instruction', 'Qui rejoint Kameto et Prime en tant que directeur de la structure ?')","('input', None)","('response', 'Arthur Perticoz')"
90,"('instruction', ""Quel était le bilan de l'équipe durant le Winter Split ?"")","('input', 'Winter Split')","('response', '7 victoires pour 11 défaites')"
91,"('instruction', ""Qui sont les joueurs qui réintègrent l'équipe en prévision du Summer Split ?"")","('input', 'Summer Split')","('response', 'Raphaël «Targamas » Crabbé et Jakub « Cinkrof » Rokicki')"
92,"('instruction', ""Qui remplace Kaori dans l'équipe ?"")","('input', 'Kaori')","('response', 'Caliste « Caliste » Henry-Hennebert')"
93,"('instruction', ""Quel poste occupe Wadi dans l'équipe ?"")","('input', 'Wadi')","('response', 'Analyste')"
94,"('instruction', ""Quelle équipe a remporté le championnat d'Europe en 2023 ?"")","('input', '2023')","('response', ""La Karmine Corp a remporté le championnat d'Europe en 2023."")"
95,"('instruction', 'Qui est le ""midlaner"" français de l\'équipe Karmine Corp ?')","('input', '""midlaner""')","('response', 'Lucas ""Saken"" Fayard est le ""midlaner"" français de l\'équipe Karmine Corp.')"
96,"('instruction', 'Quand la Karmine Corp a-t-elle annoncé son entrée à la LEC ?')","('input', 'LEC')","('response', 'La Karmine Corp a annoncé son entrée à la LEC le 18 octobre 2023.')"
97,"('instruction', ""Jusqu'à quelle année Caliste a-t-il prolongé son contrat avec la Karmine Corp ?"")","('input', 'Caliste')","('response', ""Caliste a prolongé son contrat avec la Karmine Corp jusqu'en 2026."")"
98,"('instruction', 'Quelle a été la performance de la Karmine Corp lors du Winter Split de 2024 ?')","('input', 'Winter Split, 2024')","('response', 'La Karmine Corp a fini dernière avec 2 victoires sur 9 lors du Winter Split de 2024.')"
99,"('instruction', 'Quelle a été la performance de la Karmine Corp lors du Spring Split de 2024 ?')","('input', 'Spring Split, 2024')","('response', ""L'équipe arrive une nouvelle fois à la dernière place lors du Spring Split de 2024."")"
100,"('instruction', 'Qui est mis sur le banc et qui est appelé à rejoindre les rangs de la KC en tant que jungler ?')","('input', 'post de jungler')","('response', 'Zhou « Bo » Yang-Bo est mis sur le banc et Can « Closer » Çelik est appelé à rejoindre les rangs de la KC.')"
101,"('instruction', 'Quel joueur est recruté au profit de Lucas « Cabochard » Simon-Meslet en tant que toplaner ?')","('input', 'toplaner')","('response', 'Kim « Canna » Chang-Dong est recruté au profit de Lucas « Cabochard » Simon-Meslet.')"
102,"('instruction', 'Qui prend la place de Lucas « Saken » Fayard au poste de midlaner ?')","('input', 'midlaner')","('response', 'Vladimiros « Vladi » Kourtidis prendra la place de Lucas « Saken » Fayard au poste de midlaner.')"
103,"('instruction', 'Quelle équipe participe à la Trackmania Cup en 2020 ?')","('input', None)","('response', 'La Karmine Corp participe à la Trackmania Cup en 2020.')"
104,"('instruction', 'Qui est le pilote français recruté par la Karmine Corp pour participer à la Trackmania Cup ?')","('input', None)","('response', 'Romain « DarkeR » Dassonneville est recruté par la Karmine Corp pour participer à la Trackmania Cup.')"
105,"('instruction', 'Qui est annoncé comme pilote titulaire pour la Trackmania Grand League en 2020 ?')","('input', None)","('response', 'Brendan « Bren » Seve est annoncé comme pilote titulaire pour la Trackmania Grand League en 2020.')"
106,"('instruction', ""Quand l'arrivée de Brendan « Bren » Seve en tant que pilote titulaire pour la Trackmania Grand League est-elle annoncée ?"")","('input', None)","('response', ""L'arrivée de Brendan « Bren » Seve en tant que pilote titulaire pour la Trackmania Grand League est annoncée un mois après le 17 juillet 2020, soit le 22 août 2020."")"
107,"('instruction', 'Quel événement a marqué la création de la quatrième équipe de la Karmine Corp sur Rocket League?')","('input', None)","('response', 'La création de la quatrième équipe de la Karmine Corp sur Rocket League a été annoncée lors de la Karmine Corp Xperience (ou KCX) le 26 juillet 2021.')"
108,"('instruction', 'Qui sont les joueurs qui composent la quatrième équipe de la Karmine Corp sur Rocket League?')","('input', None)","('response', 'Les joueurs qui composent la quatrième équipe de la Karmine Corp sur Rocket League sont Maëllo « AztraL » Ernst (Belge), Marc « Stake » Bosch (Espagnol) et Amine « itachi » Benayashi (Marocain).')"
109,"('instruction', 'Quels tournois les joueurs de la Karmine Corp vont-ils participer?')","('input', None)","('response', ""Les joueurs de la Karmine Corp vont participer au tournoi de pré-saison WePlay e-sport Invitational ainsi qu'aux Rocket League Championship Series 2021-2022."")"
110,"('instruction', 'Quel est le premier trophée remporté par la Karmine Corp ?')","('input', '')","('response', 'Le premier trophée remporté par la Karmine Corp est obtenu sur Rocket League lors du tournoi WePlay e-sport Invitational.')"
111,"('instruction', 'Contre quelle équipe la Karmine Corp a remporté son premier trophée ?')","('input', '')","('response', 'La Karmine Corp a remporté son premier trophée en battant Team BDS.')"
112,"('instruction', ""Quelle était l'annonce faite par l'organisation du tournoi concernant la finale ?"")","('input', '')","('response', ""L'organisation du tournoi avait annoncé que la finale se jouerait dans un format particulier : deux manches gagnantes de matchs en quatre parties gagnantes, sans avantage pour le vainqueur de l'arbre des gagnants."")"
113,"('instruction', 'Combien de manches la Karmine Corp a-t-elle remporté contre Team BDS en finale ?')","('input', '')","('response', 'La Karmine Corp a remporté les deux dernières manches contre Team BDS en finale.')"
114,"('instruction', ""Combien de dollars se partagent les différents membres de l'équipe de la Karmine Corp ?"")","('input', '')","('response', ""Les différents membres de l'équipe se partagent une dotation de 15 000 dollars."")"
115,"('instruction', ""Quel joueur l'équipe Karmine Corp a-t-elle recruté en avril 2022 pour remplacer Stake ?"")","('input', 'Date (avril 2022)')","('response', 'Joseph « noly » Kidd')"
116,"('instruction', ""Quel est le nom du coach principal de l'équipe Karmine Corp après le recrutement de Joseph « noly » Kidd en avril 2022 ?"")","('input', 'Date (avril 2022)')","('response', 'Wagner « Eversax » Benjamin')"
117,"('instruction', ""Comment s'est déroulée la performance de l'équipe Karmine Corp lors de la première étape de la RLCS ?"")","('input', ""Nom de l'équipe (Karmine Corp)"")","('response', 'La Karmine Corp a terminé demi-finaliste lors de la première étape de la RLCS.')"
118,"('instruction', ""Pourquoi l'équipe Karmine Corp n'a-t-elle pas pu participer aux épreuves mondiales d'automne et d'hiver malgré s'être qualifiée à toutes les étapes ?"")","('input', ""Nom de l'équipe (Karmine Corp)"")","('response', ""Ils n'ont pas réussi à marquer assez de points pour participer aux épreuves mondiales d'automne et d'hiver."")"
119,"('instruction', 'Qui est le coach de la Karmine en 2024 ?')","('input', 'date (27 octobre 2023)')","('response', 'Victor « Ferra » Francal')"
120,"('instruction', 'Quels sont les joueurs qui ont rejoint la Karmine pour les Flip & Spin à la Paris Games Week 2023 ?')","('input', 'aucun')","('response', 'Rise et Noly')"
121,"('instruction', ""Quels sont les deux joueurs qui ont été officialisés en décembre 2023 pour compléter l'équipe de la Karmine ?"")","('input', 'aucun')","('response', 'Rise et Atow')"
122,"('instruction', ""Quelles sont les dates des Open Qualifier d'Europe remportés par la Karmine en 2024 ?"")","('input', 'aucune')","('response', '11 février, 25 février, 10 mars 2024')"
123,"('instruction', ""Que permettent les 3 victoires consécutives de la Karmine aux Open Qualifier d'Europe ?"")","('input', 'aucune')","('response', 'Qualification facile au tournoi majeur de Copenhague et Seed 1 du Major 1')"
124,"('instruction', ""Contre quelle équipe la Karmine s'est-elle inclinée en demi-finale du Major de Copenhague ?"")","('input', 'aucun')","('response', 'Gentle Mates')"
125,"('instruction', 'Quel tournoi a marqué la première performance de Kurama sous les couleurs de la Karmine?')","('input', 'Kurama')","('response', 'Genesis 9')"
126,"('instruction', 'Quelle place Kurama a-t-il terminé lors de sa première performance avec la Karmine?')","('input', 'Kurama')","('response', '17e')"
127,"('instruction', 'Quelle place Kurama a-t-il terminé lors du Summit 6?')","('input', 'Kurama')","('response', '4e')"
128,"('instruction', 'Quand Kameto a-t-il annoncé le retrait de la Karmine de la scène Super Smash Bros. Ultimate?')","('input', 'Kameto')","('response', 'Décembre 2023')"
129,"('instruction', 'Quelles structures sont partenaires de la Karmine dans le nouveau circuit compétitif Fortnite?')","('input', 'Karmine')","('response', 'Dignitas, Team Heretics, LOUD et ZETA DIVISION')"
130,"('instruction', 'Qui est le cofondateur et président-directeur général de la Karmine Corp?')","('input', None)","('response', 'Kamel « Kameto » Kebir')"
131,"('instruction', 'Qui est le directeur de la Karmine Corp?')","('input', None)","('response', 'Arthur Perticoz')"
132,"('instruction', 'Qui est le directeur général délégué de la Karmine Corp?')","('input', None)","('response', 'Zouhaïr « Kotei » Darji')"
133,"('instruction', 'Qui est le Head of esports de la Karmine Corp?')","('input', None)","('response', 'Clément Laparra')"
134,"('instruction', 'Qui est le directeur artistique de la Karmine Corp?')","('input', None)","('response', 'Dhav « Dhav » Oza')"
135,"('instruction', 'Qui est le Lead Content Producer de la Karmine Corp?')","('input', None)","('response', 'Erwin Hamayada')"
136,"('instruction', 'Qui est le gestionnaire des médias sociaux de la Karmine Corp?')","('input', None)","('response', 'Amaury « Maul » Clerckx')"
137,"('instruction', ""Quels sont les membres de l'équipe League of Legends LEC de Karmine Corp ?"")","('input', None)","('response', 'Canna (Toplaner), Closer (Jungler), Vladi (Midlaner), Upset (ADC), Targamas (Support), Reha (Head Coach), Apples (Assistant Coach), Shaves (Assistant Coach), Clément Thillier (Performance Coach)')"
138,"('instruction', ""Qui sont les membres de l'équipe League of Legends LFL de Karmine Corp Blue ?"")","('input', None)","('response', 'Maynter (Toplaner), 113 (Jungler), Abbedagge (Midlaner), Caliste (ADC), Fleshy (Support), Wadi (Head Coach), Blidzy (Assistant Coach)')"
139,"('instruction', 'Quel est le nom du joueur qui était le toplaner de la Karmine Corp du 15 décembre 2021 au 6 janvier 2023?')","('input', 'Dates de début et de fin pour le toplaner de la Karmine Corp')","('response', 'Wao Dai')"
140,"('instruction', 'Qui est le joueur ayant le pseudonyme ""Skeanz"" et qui était jungler pour la Karmine Corp?')","('input', 'Pseudonyme ""Skeanz""')","('response', 'Duncan Marquet')"
141,"('instruction', 'Quel joueur était jungler pour la Karmine Corp du 19 mai 2023 au 20 novembre 2023?')","('input', 'Dates de début et de fin pour le joueur jungler de la Karmine Corp')","('response', 'Jakub Rokicki')"
142,"('instruction', 'Quel joueur était le botlaner de la Karmine Corp du 9 janvier 2023 au 18 mai 2023?')","('input', 'Dates de début et de fin pour le botlaner de la Karmine Corp')","('response', 'Muhammed Hasan Şentürk')"
143,"('instruction', 'Qui était le support de la Karmine Corp du 9 janvier 2023 au 16 mai 2023?')","('input', 'Dates de début et de fin pour le support de la Karmine Corp')","('response', 'Alexandru Kolozsvari')"
144,"('instruction', ""Quel est le nom du joueur qui est le jungler pour l'équipe avec le drapeau de la Turquie?"")","('input', 'Drapeau de la Turquie')","('response', 'Doğukan Balcı')"
145,"('instruction', ""Quel est le poste de Jules Bourgeois dans l'équipe?"")","('input', 'Jules Bourgeois')","('response', 'Support')"
146,"('instruction', 'Quelle est la nationalité de Rekkles?')","('input', 'Rekkles')","('response', 'Drapeau de la Suède')"
147,"('instruction', ""Qui est l'entraîneur principal de l'équipe où joue Cinkrof?"")","('input', 'Cinkrof')","('response', 'Yanis Kella')"
148,"('instruction', ""Combien de matchs a disputé l'équipe où jouait Adam?"")","('input', 'Adam')","('response', '56 matchs')"
149,"('instruction', ""Quelle était la nationalité de l'équipe où jouait Akabane?"")","('input', 'Akabane')","('response', 'Drapeau de la France')"
150,"('instruction', ""Qui est le joueur de l'équipe Teamfight Tactics de nationalité française ayant rejoint l'équipe le 22 août 2020 ?"")","('input', ""Nationalité française, date d'entrée"")","('response', 'Emre Demirtas')"
151,"('instruction', ""Quels sont les joueurs allemands de l'équipe Teamfight Tactics ayant rejoint l'équipe le 29 mai 2024 ?"")","('input', ""Nationalité allemande, date d'entrée"")","('response', 'Christian Lüftner, Wet Jungler')"
152,"('instruction', ""Qui est l'ancien joueur de la Karmine Corp sur Trackmania ayant quitté l'équipe le 1er avril 2022 ?"")","('input', 'Date de départ')","('response', 'DarkeR')"
153,"('instruction', ""Quels sont les membres actuels de l'équipe Rocket League ?"")","('input', '')","('response', 'Tristan Soyez, Axel Touret, Finlay Ferguson, Victor Francal, Jordi Nouvellet')"
154,"('instruction', ""Quel est le rôle de Victor Francal au sein de l'équipe Rocket League ?"")","('input', '')","('response', 'Coach')"
155,"('instruction', ""Quel est le nom du Performance Coach de l'équipe Rocket League et quelle est sa nationalité ?"")","('input', '')","('response', 'Jordi Nouvellet, France')"
156,"('instruction', 'Quels sont les anciens joueurs de la Karmine Corp sur Rocket League ?')","('input', '')","('response', 'Benjamin Wagner, Brice Bigeard, Amine Benayachi, Joseph Kidd, Maëllo Ernst, Marc Bosch Plujà.')"
157,"('instruction', ""Quelles sont les nationalités des joueurs et joueuses de l'équipe Valorant VCT?"")","('input', 'Équipe Valorant VCT')","('response', 'Tchéquie, France, États-Unis, Portugal, Russie')"
158,"('instruction', ""Quels sont les noms des joueurs et joueuses de l'équipe Valorant GC?"")","('input', 'Équipe Valorant GC')","('response', 'Mathilde Beltoise, Léa Ransquin, Anastasiya Anisimova, Ece Selin Balıkdere, Vivian Schilling')"
159,"('instruction', ""Qui est l'entraîneur principal de l'équipe Valorant VCT?"")","('input', 'Équipe Valorant VCT')","('response', 'Andrey Sholokhov')"
160,"('instruction', ""Qui est l'entraîneur principal de l'équipe Valorant GC?"")","('input', 'Équipe Valorant GC')","('response', 'Mathieu Plantin')"
161,"('instruction', 'Qui sont les anciens joueurs de la Karmine Corp sur Super Smash Bros. Ultimate ?')","('input', 'Super Smash Bros. Ultimate')","('response', 'Kurama (Alias : Drapeau des États-Unis Pedro Alonso Jr.) qui était joueur de la Karmine Corp sur Super Smash Bros. Ultimate')"
162,"('instruction', ""Quels sont les membres de l'équipe Fortnite et quel est leur rôle ?"")","('input', 'Fortnite')","('response', ""Malibuca, Merstach, Veno, Swizzy, Anas et Oslo sont membres de l'équipe Fortnite, avec des rôles respectifs de joueurs et coach"")"
163,"('instruction', ""Qui fait partie de l'équipe Tekken 8 ?"")","('input', 'Tekken 8')","('response', ""JDCR (Kim Hyun-jin) fait partie de l'équipe Tekken 8 comme joueur"")"
164,"('instruction', ""Quels sont les membres de l'équipe Street Fighter 6 et quel est leur rôle ?"")","('input', 'Street Fighter 6')","('response', ""Kilzyou (Kilyan Faucheux) est membre de l'équipe Street Fighter 6 en tant que joueur"")"
165,"('instruction', 'Quelles sont les équipes de la Karmine Corp ayant remporté des titres et dans quelles compétitions ?')","('input', '')","('response', 'League of Legends (7), Teamfight Tactics (6), Rocket League (11)')"
166,"('instruction', ""Quels sont les titres remportés par l'équipe de la Karmine Corp dans le cadre de l'EMEA Masters ?"")","('input', '')","('response', 'Champion Printanier en 2021 et 2022, Champion Estival en 2021 et 2023')"
167,"('instruction', ""Quels sont les titres remportés par l'équipe de la Karmine Corp dans le cadre de la LFL ?"")","('input', '')","('response', 'Champion Printanier en 2021 et 2024, Champion Estival en 2023')"
168,"('instruction', 'Quel titre la Karmine Corp a-t-elle remporté lors du World Championship ?')","('input', '')","('response', 'Champion Galaxies en 2020')"
169,"('instruction', ""Quels sont les titres remportés par l'équipe de la Karmine Corp dans le cadre du Rising Legends (EMEA) ?"")","('input', '')","('response', 'Champion G&G en 2022, Champion MA! en 2023, Champion MA! Golden Spatula Cup en 2023')"
170,"('instruction', 'Quel titre la Karmine Corp a-t-elle remporté lors du HexLeague ?')","('input', '')","('response', 'Champion en 2022')"
171,"('instruction', 'Quel titre la Karmine Corp a-t-elle remporté lors du Fresh Cup ?')","('input', '')","('response', 'Champion en 2022')"
172,"('instruction', 'Quels titres la Karmine Corp a-t-elle remporté lors du RLCS Winter Split Major ?')","('input', '')","('response', 'Champion en 2023')"
173,"('instruction', 'Quel titre la Karmine Corp a-t-elle remporté lors du RLCS Europe Regional ?')","('input', '')","('response', 'Vainqueur Fall Cup en 2022')"
174,"('instruction', 'Quels événements Esports a remporté la personne mentionnée dans le texte ?')","('input', None)","('response', 'Winter Open en 2023, Winter Cup en 2023, Open Qualifier #1 en 2024, Open Qualifier #2 en 2024, Open Qualifier #3 en 2024, Olympic Esports Week Showmatch en 2023, WePlay Esports Invitational (EMEA) en 2021, Flip & Spin (EMEA) en 2023, EWC Community Cup: Europe en 2024, TMWT World Championship en 2023, Maji Mondays en 2023, XPEvo Cup en 2023, Get On My Level Doubles en 2023, CIRQUE du CFL Doubles en 2023, Ultimate Fighting Arena Doubles en 2023, VCT EMEA Kickoff en 2024, VCT Game Changers EMEA Contenders en 2024, FNCS Major 2 en 2024, FNCS Major 3: North America - Qualifier 1 en 2024, FNCS Major 3 - Semi-Finals 2: Europe en 2024, et ESL Europe Regional Week 3 en 2024.')"
175,"('instruction', ""Quels sont les événements où l'équipe a été vainqueur en 2024 ?"")","('input', None)","('response', 'Vainqueur C5S2 - Session 10, Vainqueur C5S3 - Session 1, Vainqueur C5S3 - Session 2: Europe, Vainqueur C5S3 - Week 4: North America, Vainqueur C5S3 - Week 3: Brazil, Vainqueur C5S3 - Week 5: Asia, Vainqueur Dzert Sandstorm, Vainqueur CPT World Warrior France-Monaco #2')"
176,"('instruction', ""De quels événements d'e-sport l'équipe a-t-elle participé en 2021, 2022, 2023 et 2024 ?"")","('input', None)","('response', 'Finaliste Estival de la LFL, Finaliste des LFL Finals, 3e/4e place Coupe de France 2022, 5e/8e place Coupe de France 2023, 3e place Dragonlands 2022, 3e place Split 1 2022, 5e/8e place Rocket League Championship Series 2022, 4e et 5e/8e places RLCS - International LAN Major 2022, 3e/4e place Rocket League Championship Series 2023, 3e place RLCS - International LAN Major 1 2024, 3e/4e place VRL France Révolution, 4e place Lyon e-Sport 2022.')"
177,"('instruction', 'Quelle structure a le plus de participation en finale des Amazon European Masters ?')","('input', None)","('response', 'League of Legends')"
178,"('instruction', 'Quelle structure est la plus titrée des Amazon European Masters ?')","('input', None)","('response', 'League of Legends')"
179,"('instruction', 'Quelle structure a remporté trois fois de suite les Amazon European Masters ?')","('input', None)","('response', 'League of Legends')"
180,"('instruction', ""Quelle structure s'est qualifiée trois fois de suite pour la finale des Amazon European Masters ?"")","('input', None)","('response', 'League of Legends')"
181,"('instruction', 'Quelle structure a remporté deux fois de suite les Amazon European Masters ?')","('input', None)","('response', 'League of Legends')"
182,"('instruction', ""Quelle structure s'est qualifiée deux fois de suite pour la finale des Amazon European Masters ?"")","('input', None)","('response', 'League of Legends')"
183,"('instruction', 'Qui a remporté le tout premier championnat du monde de Teamfight Tactics en 2020 ?')","('input', None)","('response', ""Renvoyez-moi une liste d'"")"
184,"('instruction', 'Qui joue sur la zone haute de la carte dans League of Legends ?')","('input', '')","('response', 'Le top laner. \n\n-')"
185,"('instruction', 'Où joue le jungler dans League of Legends ?')","('input', '')","('response', 'Dans la jungle. \n\n-')"
186,"('instruction', 'Quel est le rôle du mid laner dans League of Legends ?')","('input', '')","('response', 'Jouer sur la zone se trouvant au milieu de la carte. \n\n-')"
187,"('instruction', 'Quel joueur joue sur la zone basse de la carte dans League of Legends ?')","('input', '')","('response', ""L'AD Carry, aussi appelé ADC ou bot laner. \n\n-"")"
188,"('instruction', 'Avec qui forme le support un duo dans League of Legends ?')","('input', '')","('response', ""Avec le joueur ayant le rôle d'AD Carry. \n\n- element :\n    Instruction : Quel est le surnom de l'équipe Misfits Gaming en référence à leur logo ? \n    Response : Un lapin. \n\n-"")"
189,"('instruction', 'Que désigne le terme ""roster"" dans le contexte d\'une équipe de jeu vidéo ?')","('input', '')","('response', ""L'ensemble des joueurs de l'équipe. \n\n-"")"
190,"('instruction', ""Qu'est-ce qu'un match amical dans le contexte des compétitions de jeu vidéo ?"")","('input', '')","('response', ""Un match en condition de tournoi mais qui ne s'inscrit dans aucune compétition officielle."")"
191,"('instruction', 'Quel événement a eu lieu le 11 juillet 2023 selon France Info ?')","('input', 'Aucune')","('response', 'Avec les ""Blue Wall"" au championnat de France de League of Legends')"
192,"('instruction', 'Quel article a été publié par Le Figaro le 14 mars 2022 ?')","('input', 'Aucune')","('response', 'Esport : des ultras ""comme dans le foot"" pour la Karmine Corp')"
193,"('instruction', ""Quel événement marquant est prévu pour l'été prochain selon France Info ?"")","('input', 'Aucune')","('response', ""L'incroyable success story de la Karmine Corp : le club d'esport français aura ses Arènes à Evry-Courcouronnes, l'été prochain"")"
194,"('instruction', ""Qui est le champion du monde de TFT selon L'Équipe ?"")","('input', 'Aucune')","('response', 'Le Français Emre ""Double61"" Demitras')"
195,"('instruction', 'Quelle alliance a été faite entre Prime et la Kameto Corp selon Dexerto ?')","('input', 'Aucune')","('response', ""Prime s'allie à la Kameto Corp pour rentrer en LFL avec Karmine Corp"")"
196,"('instruction', 'Qui sont les fondateurs de la Karmine Corp selon Breakflip ?')","('input', 'Aucune')","('response', 'Kameto et Prime créent la Karmine Corp (KC) et remplacent la Kameto Corp')"
197,"('instruction', ""Quel est le nom de l'auteur de l'article sur la victoire de la Karmine Corp aux European Masters Summer split 2021 ?"")","('input', ""informations supplémentaires fournies avec l'instruction pour aider à formuler la réponse"")","('response', 'Paul Arrivé')"
198,"('instruction', ""Quelle est la date de publication de l'article sur la victoire de la Karmine Corp aux European Masters Summer split 2021 ?"")","('input', ""informations supplémentaires fournies avec l'instruction pour aider à formuler la réponse"")","('response', '19 septembre 2021')"
199,"('instruction', ""Où peut-on trouver l'article sur la victoire de la Karmine Corp aux European Masters Summer split 2021 ?"")","('input', ""informations supplémentaires fournies avec l'instruction pour aider à formuler la réponse"")","('response', 'sur Against All Authority')"
200,"('instruction', ""Qui a écrit l'article sur la difficile entrée de la Karmine en EMEA Masters ?"")","('input', ""informations supplémentaires fournies avec l'instruction pour aider à formuler la réponse"")","('response', 'Corentin Phalip')"
201,"('instruction', ""Quelle est la date de consultation de l'article sur l'invincibilité de la Karmine Corp en League of Legends ?"")","('input', ""informations supplémentaires fournies avec l'instruction pour aider à formuler la réponse"")","('response', '7 mars 2024')"
202,"('instruction', ""Quel journal a publié un article sur l'entrée de la Karmine Corp dans l'élite européenne de League of Legends ?"")","('input', ""informations supplémentaires fournies avec l'instruction pour aider à formuler la réponse"")","('response', 'Le Monde')"
203,"('instruction', ""Quel est le titre de l'article de Paul Arrivé sur la victoire de la Karmine Corp aux European Masters Summer split 2021 ?"")","('input', ""informations supplémentaires fournies avec l'instruction pour aider à formuler la réponse"")","('response', 'La Karmine Corp arrache un doublé inédit')"
204,"('instruction', ""Quelle est la date de consultation de l'article sur l'entrée de la Karmine Corp dans l'élite européenne de League of Legends ?"")","('input', ""informations supplémentaires fournies avec l'instruction pour aider à formuler la réponse"")","('response', '8 janvier 2024')"
205,"('instruction', ""Quel est le nom de l'équipe d'esport mentionnée dans le texte ?"")","('input', None)","('response', 'Karmine Corp')"
206,"('instruction', ""Quelle est la date de publication de l'article sur MGG ?"")","('input', None)","('response', '18 octobre 2023')"
207,"('instruction', ""Quel est le titre de l'article sur L'Équipe consulté le 14 août 2024 ?"")","('input', None)","('response', 'Esport - Karmine Corp : KCX, un événement ultra réussi')"
208,"('instruction', ""Qui est l'auteur de l'article sur l'Esport à Bercy publié le 24 juin 2022 sur L'Equipe ?"")","('input', None)","('response', 'Paul Arrivé')"
209,"('instruction', 'Quel est le nom du cofondateur de la Karmine Corp mentionné dans le texte ?')","('input', None)","('response', 'Kameto')"
210,"('instruction', 'Quelle est la date à laquelle la Karmine Corp s\'installera dans les ""Arènes de l\'Agora"" à Evry ?')","('input', 'nom de l\'événement (""Arènes de l\'Agora"")')","('response', 'En 2024')"
211,"('instruction', 'Quel est le nom du projet de la Karmine Corp pour trouver les talents de demain ?')","('input', None)","('response', 'Karmine Blue Stars')"
212,"('instruction', 'Quel joueur la Karmine Corp a-t-elle annoncé en premier pour son entrée en LFL ?')","('input', None)","('response', 'Adam')"
213,"('instruction', 'Quel site web a publié un article sur les jeunes de la Karmine impressionnant dans League of Legends ?')","('input', 'nom du jeu (League of Legends)')","('response', ""L'Équipe"")"
214,"('instruction', 'Dans quelle division de la LFL est restée Team Oplon en 2021 ?')","('input', None)","('response', 'Division 2')"
215,"('instruction', ""Quelle est la date de publication de l'article sur Dexerto.fr concernant l'équipe de League of Legends de la Karmine Corp?"")","('input', 'Dexerto.fr')","('response', '24 décembre 2020')"
216,"('instruction', 'Quel site web a publié un article sur le Power Ranking anticipé de la LFL en 2021?')","('input', 'Millenium FR')","('response', 'Millenium FR')"
217,"('instruction', ""Qui a écrit l'article sur la victoire de la Karmine Corp en LFL consulté le 15 avril 2024?"")","('input', 'Eclypsia')","('response', 'Zonneuve')"
218,"('instruction', 'Quelle équipe a remporté les European Masters?')","('input', 'European Masters')","('response', 'la Karmine Corp')"
219,"('instruction', ""Quel président a félicité l'équipe de Kameto et Prime?"")","('input', 'Kameto et Prime')","('response', 'Macron Karmine Corp')"
220,"('instruction', 'Quelle équipe a dit au revoir à Cinkrof, xMatty et Targamas ?')","('input', 'Team aAa')","('response', 'Karmine Corp')"
221,"('instruction', 'Qui va rejoindre la Karmine Corp selon Paul Arrivé ?')","('input', ""L'Équipe"")","('response', 'Rekkles')"
222,"('instruction', 'Quel média a parlé du transfert de Rekkles vers la Karmine Corp ?')","('input', 'Millenium FR')","('response', 'Millenium FR')"
223,"('instruction', ""Quel événement a mis en scène Ibai's KOI et la Karmine Corp avec 477k viewers sur Twitch ?"")","('input', 'Dexerto')","('response', 'LCS finals')"
224,"('instruction', ""Quelle est la rivalité mentionnée dans l'article d'Esport de Paul Arrivé ?"")","('input', ""L'Équipe"")","('response', 'KCorp, Koi')"
225,"('instruction', 'Qui a remporté le match retour face à KOI?')","('input', 'Against All Authority- aAa')","('response', 'Cabochard, Rekkles et les Kcorp')"
226,"('instruction', ""Quel est le nouveau partenaire de la Karmine Corp dans l'esport?"")","('input', 'Orange')","('response', 'Orange')"
227,"('instruction', 'Quel événement a eu lieu entre la Karmine Corp et Solary?')","('input', 'Le classico Karmine Corp - Solary')","('response', 'Un match')"
228,"('instruction', ""Qui a terminé dans le top 2 de la saison régulière de la LFL et s'est qualifié pour les EUM?"")","('input', 'LDLC OL et la Karmine Corp')","('response', 'LDLC OL et la Karmine Corp')"
229,"('instruction', 'Qui a écrasé la Karmine Corp en playoffs de la LFL?')","('input', 'LDLC OL')","('response', 'LDLC OL')"
230,"('instruction', ""Quel est le nom de l'article mentionné dans le texte ?"")","('input', None)","('response', '""League of Legends : Caliste-Targamas, meilleure botlane de l\'histoire de la LFL ?""')"
231,"('instruction', ""Quelle est la date de consultation de l'article sur Eclypsia ?"")","('input', None)","('response', 'Le 8 août 2023')"
232,"('instruction', ""Quel est le titre de l'article sur la Karmine Corp dans L'Équipe du 11 août 2023 ?"")","('input', None)","('response', '""Esport - League of Legends : la Karmine Corp championne de France""')"
233,"('instruction', ""Quelle date L'Équipe a-t-il consulté un article sur la Karmine Corp arrachant sa place en finale des EMEA Masters ?"")","('input', None)","('response', 'Le 6 septembre 2023')"
234,"('instruction', ""Qu'est-ce que Sheep Esports a annoncé le 18 octobre 2023 ?"")","('input', None)","('response', '""Karmine Corp annonce rejoindre la LEC""')"
235,"('instruction', ""Quelle est la date de consultation de l'article sur Le Monde.fr annonçant l'entrée de la Karmine Corp dans la LEC ?"")","('input', None)","('response', 'Le 11 avril 2024')"
236,"('instruction', ""Quel est le titre de l'article sur la Karmine dans Eclypsia du 28 janvier 2024 ?"")","('input', None)","('response', '""League of Legends - LEC : la Karmine délivrée, G2 tacle son rival, GiantX se rapproche""')"
237,"('instruction', 'Quelle entreprise est mentionnée dans le texte ?')","('input', None)","('response', 'Karmine Corp')"
238,"('instruction', 'Quel jeu est mentionné dans le texte ?')","('input', None)","('response', 'Trackmania')"
239,"('instruction', 'Quelle équipe a remporté le championnat du monde sur Trackmania ?')","('input', None)","('response', 'Karmine Corp')"
240,"('instruction', 'Quand la Karmine Corp a-t-elle été couronnée championne du monde sur Trackmania ?')","('input', None)","('response', '27 novembre 2023')"
241,"('instruction', ""Quel est le titre de l'article sur BFMTV mentionné dans le texte ?"")","('input', None)","('response', 'Esport: la Karmine Corp devient championne du monde sur le jeu de course ""Trackmania""')"
242,"('instruction', 'Quelle est la raison de la Karmine Corp pour se retirer de la compétition sur TrackMania, Super Smash Bros. et Teamfight Tactics?')","('input', None)","('response', 'Retrait de la Karmine Corp de la compétition sur TrackMania, Super Smash Bros. et Teamfight Tactics\n    \n-')"
243,"('instruction', ""Sur quel jeu la Karmine Corp s'est-elle lancée récemment ?"")","('input', None)","('response', ""La Karmine Corp s'est lancée récemment sur Rocket League\n    \n-"")"
244,"('instruction', 'Quel événement a remporté la Karmine Corp avec le joueur belge AztraL ?')","('input', 'Joueur belge AztraL')","('response', 'La Karmine Corp a remporté le Weplay Esports Invitational avec le joueur belge AztraL\n    \n-')"
245,"('instruction', 'Quelle performance la Karmine Corp a-t-elle réalisée dès ses débuts sur Rocket League ?')","('input', None)","('response', 'La Karmine Corp a été performante dès ses débuts sur Rocket League')"
246,"('instruction', 'Quelle équipe a remporté le triplé dans Rocket League lors de RLCS EU ?')","('input', 'RLCS EU')","('response', 'Karmine Corp')"
247,"('instruction', 'Quel est le titre du dernier article sur la Karmine Corp concernant Valorant ?')","('input', 'Valorant')","('response', 'La Karmine Corp Se Sépare De Son Roster Valorant')"
248,"('instruction', 'Quel site a publié un article sur la victoire de Gentle Mates à Copenhague dans Rocket League ?')","('input', 'Copenhague')","('response', '20 minutes')"
249,"('instruction', ""Quel est le site web où l'article sur la Karmine Corp dans Valorant a été publié en premier ?"")","('input', 'Valorant')","('response', 'Team aAa')"
250,"('instruction', 'Quelle publication a rapporté la participation de la Karmine Corp dans Valorant pour la première fois ?')","('input', 'Valorant')","('response', 'Dexerto.fr')"
251,"('instruction', 'Quel site web a été consulté pour lire un article sur le premier titre européen de la Karmine Corp dans Valorant ?')","('input', 'première titre européen')","('response', ""L'Équipe"")"
252,"('instruction', 'Quel site web a été consulté pour obtenir des informations sur Valorant Esports ?')","('input', 'Valorant Esports')","('response', 'valorantesports.com')"
253,"('instruction', ""Quelles informations sont disponibles sur l'équipe KC Valorant féminine?"")","('input', 'Aucune')","('response', ""Les informations sur l'équipe KC Valorant féminine sont disponibles sur le site Breakflip, consulté le 14 février 2023."")"
254,"('instruction', 'Quelle est la dernière activité de la Karmine Corp sur Trackmania, TFT et Smash?')","('input', 'Aucune')","('response', ""La Karmine Corp a cessé ses activités sur Trackmania, TFT et Smash, selon un article d'Eclypsia datant du 19 décembre 2023 et consulté le 17 avril 2024."")"
255,"('instruction', 'Quelle information est donnée sur la participation de la Karmine Corp dans le jeu Fortnite?')","('input', 'Aucune')","('response', ""La Karmine Corp a annoncé qu'elle se lance sur Fortnite, selon un article de BFMTV consulté le 16 avril 2024."")"
256,"('instruction', ""Quelle entreprise s'est associée à la Karmine Corp selon Sport Stratégies ?"")","('input', None)","('response', 'Direct Assurance\n\n-')"
257,"('instruction', 'De quelle entreprise est devenu le fournisseur de la Karmine Corp selon sportstrategies.com ?')","('input', None)","('response', 'ekWateur\n\n-')"
258,"('instruction', ""Quand le CIC est-il devenu partenaire de la Karmine Corp selon L'Équipe ?"")","('input', None)","('response', '3 janvier 2024')"
